scenario,a5a94fc_r1_ns,bb7ab71_r1_ns,a5a94fc_r2_ns,bb7ab71_r2_ns,a5a94fc_r3_ns,bb7ab71_r3_ns,a5a94fc_median_ns,bb7ab71_median_ns,median_pct_change,round1_pct_change,round2_pct_change,round3_pct_change,spread_pp,noisy
add_orders_batch_100/iceberg,9360,10398,9598,10665,9456,10689,9456,10665,12.79,11.08,11.12,13.04,1.96,False
add_orders_batch_100/reserve,9309,11222,9745,10655,9559,10450,9559,10655,11.46,20.54,9.34,9.32,11.23,True
add_orders_batch_100/standard,9226,10405,9649,10589,9450,10428,9450,10428,10.35,12.78,9.74,10.35,3.04,False
fok_depth/replenish_depth_10000,2038500,2180100,2128000,2114300,2091000,2086000,2091000,2114300,1.11,6.95,-0.64,-0.24,7.59,False
isolated_updates/cancel,9700,15199,10374,9809,9312,9311,9700,9809,1.13,56.70,-5.45,-0.02,62.15,True
isolated_updates/replace_diff_price,9592,12337,10007,9938,9511,9509,9592,9938,3.61,28.62,-0.69,-0.03,29.31,True
isolated_updates/replace_same_price,9631,10318,10713,10187,9874,9569,9874,10187,3.17,7.14,-4.91,-3.09,12.05,True
isolated_updates/update_quantity_decrease,9509,10415,9923,9779,9422,9555,9509,9779,2.84,9.53,-1.45,1.41,10.97,True
isolated_updates/update_quantity_increase,9888,11687,10088,10069,9596,9573,9888,10069,1.83,18.19,-0.19,-0.25,18.44,True
matching/iceberg,1020,1147,1055,1060,1055,1029,1055,1060,0.49,12.53,0.49,-2.53,15.06,True
matching/ioc_partial,1063,1077,1067,1053,1054,1058,1063,1058,-0.46,1.28,-1.36,0.37,2.64,False
matching/mixed_100,23982,24999,24871,24598,24302,24235,24302,24598,1.22,4.24,-1.10,-0.28,5.34,False
matching/partial_fill_churn_10x10,2983,3120,3098,3060,2993,2987,2993,3060,2.25,4.60,-1.23,-0.18,5.83,False
matching/partial_fill_reinsert,1108,1180,1163,1149,1141,1148,1141,1149,0.70,6.48,-1.24,0.61,7.72,False
matching/post_only_reject,1100,1146,1137,1099,1116,1113,1116,1113,-0.21,4.24,-3.36,-0.21,7.60,True
matching/reserve,1044,1126,1092,1086,1072,995,1072,1086,1.26,7.88,-0.53,-7.19,15.08,True
matching/standard_full,1008,1098,1040,1019,1023,1008,1023,1019,-0.40,8.91,-2.02,-1.51,10.93,True
matching/sweep_100_makers,19077,20606,20334,23223,19730,19982,19730,20606,4.44,8.01,14.21,1.28,12.93,True
