scenario,v0.9.2_r1_ns,bb7ab71_r1_ns,v0.9.2_r2_ns,bb7ab71_r2_ns,v0.9.2_r3_ns,bb7ab71_r3_ns,v0.9.2_median_ns,bb7ab71_median_ns,median_pct_change,round1_pct_change,round2_pct_change,round3_pct_change,spread_pp,noisy
add_orders_batch_100/iceberg,9078,10420,8828,10451,9064,10180,9064,10420,14.96,14.78,18.38,12.31,6.07,False
add_orders_batch_100/reserve,8958,10627,9247,10161,9022,10169,9022,10169,12.71,18.63,9.89,12.71,8.74,False
add_orders_batch_100/standard,8742,10315,9376,10381,8890,10197,8890,10315,16.03,17.99,10.72,14.70,7.27,False
fok_depth/replenish_depth_10000,2258600,2180400,2260800,2046900,2156000,2074800,2258600,2074800,-8.14,-3.46,-9.46,-3.77,6.00,False
isolated_updates/cancel,9585,10466,8726,9884,8896,8717,8896,9884,11.11,9.19,13.27,-2.01,15.28,True
isolated_updates/replace_diff_price,8934,9913,10037,10982,9293,8643,9293,9913,6.67,10.96,9.42,-6.99,17.95,True
isolated_updates/replace_same_price,10107,9226,9305,9636,9592,8817,9592,9226,-3.81,-8.72,3.56,-8.07,12.28,True
isolated_updates/update_quantity_decrease,8533,9133,11018,10388,9266,8690,9266,9133,-1.44,7.03,-5.72,-6.22,13.25,True
isolated_updates/update_quantity_increase,8534,11690,12281,10466,9366,8916,9366,10466,11.74,36.99,-14.78,-4.80,51.77,True
matching/iceberg,1038,987,1216,1060,979,1009,1038,1009,-2.86,-4.98,-12.83,3.06,15.88,True
matching/ioc_partial,1026,1111,998,993,920,979,998,993,-0.47,8.31,-0.47,6.37,8.78,False
matching/mixed_100,22106,23613,24610,24069,23442,24197,23442,24069,2.67,6.82,-2.20,3.22,9.02,True
matching/partial_fill_churn_10x10,2669,3199,2779,2733,2926,3194,2779,3194,14.94,19.84,-1.65,9.15,21.49,True
matching/partial_fill_reinsert,1024,1076,1324,1067,1024,1373,1024,1076,5.02,5.03,-19.37,34.08,53.45,True
matching/post_only_reject,1095,1148,1093,1052,1080,1079,1093,1079,-1.26,4.90,-3.77,-0.03,8.67,True
matching/reserve,1071,827,1075,1056,998,1033,1071,1033,-3.56,-22.83,-1.68,3.52,26.35,True
matching/standard_full,966,755,997,984,927,950,966,950,-1.59,-21.79,-1.32,2.53,24.33,True
matching/sweep_100_makers,19797,20175,19138,20411,18556,19787,19138,20175,5.42,1.91,6.65,6.63,4.74,False
