scenario,old_0.9.2_round1_ns,old_0.9.2_round2_ns,new_0.10.0_round1_ns,new_0.10.0_round2_ns,old_median_ns,new_median_ns,median_pct_change,round1_pct_change,round2_pct_change,noisy
add_orders_batch_100/iceberg,10447,10850,11023,10519,10648.5,10771.0,1.15,5.51,-3.05,True
add_orders_batch_100/reserve,10293,10631,10865,10725,10462.0,10795.0,3.18,5.56,0.88,False
add_orders_batch_100/standard,10420,10605,11035,10863,10512.5,10949.0,4.15,5.9,2.43,False
fok_depth/reject_depth_100,7336,7760,6912,6965,7548.0,6938.5,-8.07,-5.78,-10.24,False
fok_depth/reject_depth_10000,570415,580718,437502,440680,575566.5,439091.0,-23.71,-23.3,-24.11,False
fok_depth/replenish_depth_10000,2255630,2255082,2104019,2070595,2255356.0,2087307.0,-7.45,-6.72,-8.18,False
fok_depth/success_depth_1,1743,1610,965,1042,1676.5,1003.5,-40.14,-44.64,-35.28,False
fok_depth/success_depth_100,6976,7434,3839,3751,7205.0,3795.0,-47.33,-44.97,-49.54,False
fok_depth/success_depth_10000,536687,563785,217070,215807,550236.0,216438.5,-60.66,-59.55,-61.72,False
isolated_updates/cancel,8868,9789,9443,8773,9328.5,9108.0,-2.36,6.48,-10.38,True
isolated_updates/replace_diff_price,10528,12437,9547,8990,11482.5,9268.5,-19.28,-9.32,-27.72,True
isolated_updates/replace_same_price,10756,12494,9803,9791,11625.0,9797.0,-15.72,-8.86,-21.63,True
isolated_updates/update_quantity_decrease,9196,11139,9082,8917,10167.5,8999.5,-11.49,-1.24,-19.95,True
isolated_updates/update_quantity_increase,9904,9285,9347,9221,9594.5,9284.0,-3.24,-5.62,-0.69,False
iter_orders/depth_100,2541,2770,2605,2934,2655.5,2769.5,4.29,2.52,5.92,False
iter_orders/depth_10000,94118,88694,88172,105128,91406.0,96650.0,5.74,-6.32,18.53,True
match_result_analytics/n_256,533,532,504,498,532.5,501.0,-5.92,-5.44,-6.39,False
match_result_analytics/n_4096,12422,12576,10603,10762,12499.0,10682.5,-14.53,-14.64,-14.42,False
matching/iceberg,959,1037,988,968,998.0,978.0,-2.0,3.02,-6.65,True
matching/ioc_partial,1006,975,1072,1093,990.5,1082.5,9.29,6.56,12.1,False
matching/mixed_100,23618,24515,24048,24036,24066.5,24042.0,-0.1,1.82,-1.95,False
matching/partial_fill_churn_10x10,2777,2658,2840,2830,2717.5,2835.0,4.32,2.27,6.47,False
matching/partial_fill_reinsert,1145,1106,1147,1142,1125.5,1144.5,1.69,0.17,3.25,False
matching/post_only_reject,1066,1091,1108,1125,1078.5,1116.5,3.52,3.94,3.12,False
matching/reserve,993,1009,895,902,1001.0,898.5,-10.24,-9.87,-10.6,False
matching/standard_full,1026,1069,947,885,1047.5,916.0,-12.55,-7.7,-17.21,False
matching/sweep_100_makers,19012,19824,19659,20118,19418.0,19888.5,2.42,3.4,1.48,False
snapshot/capture_depth_100,3575,3488,3793,3780,3531.5,3786.5,7.22,6.1,8.37,False
snapshot/capture_depth_10000,184259,186701,184428,187898,185480.0,186163.0,0.37,0.09,0.64,False
snapshot/package_depth_100,88277,89407,20608,21224,88842.0,20916.0,-76.46,-76.66,-76.26,False
snapshot/package_depth_10000,8561496,8861002,1884872,1876729,8711249.0,1880800.5,-78.41,-77.98,-78.82,False
snapshot/restore_depth_100,121787,124211,54737,54873,122999.0,54805.0,-55.44,-55.06,-55.82,False
snapshot/restore_depth_10000,12030437,12675895,5511305,5469439,12353166.0,5490372.0,-55.55,-54.19,-56.85,False
snapshot/to_json_depth_100,166388,172088,36511,35528,169238.0,36019.5,-78.72,-78.06,-79.35,False
snapshot/to_json_depth_10000,16398200,17928548,3279135,3231356,17163374.0,3255245.5,-81.03,-80.0,-81.98,False
trade_list_parse/n_1024,567397,568301,350331,348739,567849.0,349535.0,-38.45,-38.26,-38.63,False
trade_list_parse/n_32,18114,18389,11039,11243,18251.5,11141.0,-38.96,-39.06,-38.86,False
